ID,Year,Month,French Way,Via de la Plata,Primitive Way,Portuguese Way,Northern Way,English Way,Other Ways,Muxia-Finisterre,Total
200401,2004,1,566,25,17,16,14,5,0,0,643
200402,2004,2,1124,20,0,178,41,34,4,0,1401
200403,2004,3,2349,92,9,411,103,141,0,0,3105
200404,2004,4,12024,735,100,2132,256,290,17,0,15554
200405,2004,5,13485,704,120,1661,545,326,18,1,16860
200406,2004,6,15983,803,315,1181,740,258,15,0,19295
200407,2004,7,24798,1384,478,2947,1891,364,29,0,31891
200408,2004,8,31264,3830,3800,3426,1962,1045,27,247,45601
200409,2004,9,18919,777,303,1767,630,324,22,10,22752
200410,2004,10,11964,684,203,1148,436,107,12,2,14556
200411,2004,11,3512,180,87,379,146,98,0,8,4410
200412,2004,12,2649,98,149,588,206,100,0,12,3802
200501,2005,1,226,9,1,21,8,3,0,1,269
200502,2005,2,478,20,5,54,4,3,1,0,565
200503,2005,3,2425,129,86,301,118,57,2,3,3121
200504,2005,4,2661,148,32,406,41,16,2,1,3307
200505,2005,5,7885,493,78,564,248,36,6,0,9310
200506,2005,6,10997,469,113,600,376,45,8,11,12619
200507,2005,7,15693,612,311,962,970,171,36,49,18804
200508,2005,8,20873,639,349,1524,1251,135,33,27,24831
200509,2005,9,10548,304,161,578,487,75,6,9,12168
200510,2005,10,5980,206,49,396,205,25,8,4,6873
200511,2005,11,1165,82,6,45,37,44,9,0,1388
200512,2005,12,479,30,24,56,35,41,1,2,668
200601,2006,1,259,15,5,27,14,2,0,2,324
200602,2006,2,285,11,0,33,13,8,0,1,351
200603,2006,3,944,37,8,60,40,5,1,1,1096
200604,2006,4,5540,358,70,1088,291,82,11,11,7451
200605,2006,5,8462,538,128,636,302,32,15,34,10147
200606,2006,6,11140,521,108,693,456,73,15,5,13011
200607,2006,7,14717,714,328,1301,1404,211,12,33,18720
200608,2006,8,21465,687,761,1425,1566,242,29,8,26183
200609,2006,9,11455,306,240,685,703,52,5,24,13470
200610,2006,10,6556,253,109,419,296,58,5,4,7700
200611,2006,11,1454,72,36,62,101,30,0,0,1755
200612,2006,12,678,26,24,90,11,17,2,0,848
200701,2007,1,294,11,13,17,15,0,0,0,350
200702,2007,2,498,20,5,90,45,5,1,1,665
200703,2007,3,1405,40,14,126,58,22,14,1,1680
200704,2007,4,6182,448,176,1006,184,90,10,19,8115
200705,2007,5,10619,666,257,858,394,105,21,4,12924
200706,2007,6,12849,520,240,842,588,116,18,9,15182
200707,2007,7,15509,827,569,1501,1401,253,20,76,20156
200708,2007,8,21636,716,902,1895,1813,269,28,30,27289
200709,2007,9,12615,459,351,1005,687,108,27,30,15282
200710,2007,10,8002,358,121,540,372,38,6,6,9443
200711,2007,11,1942,96,82,217,102,55,2,0,2496
200712,2007,12,616,42,17,43,49,25,0,3,795
200801,2008,1,240,18,5,28,10,1,2,2,306
200802,2008,2,552,28,10,97,12,4,0,0,703
200803,2008,3,3792,293,199,621,266,78,41,37,5327
200804,2008,4,4365,301,62,700,132,77,5,6,5648
200805,2008,5,12841,875,263,1303,555,128,28,8,16001
200806,2008,6,13292,606,274,906,717,78,24,7,15904
200807,2008,7,15937,892,575,1593,1713,341,14,1,21066
200808,2008,8,23127,1071,798,2368,2192,338,81,21,29996
200809,2008,9,14136,559,412,1163,895,181,16,16,17378
200810,2008,10,8278,335,180,514,366,190,13,2,9878
200811,2008,11,1872,116,58,152,77,27,4,3,2309
200812,2008,12,634,35,17,370,19,8,1,1,1085
200901,2009,1,420,21,25,30,21,5,1,0,523
200902,2009,2,514,37,16,100,17,11,3,0,698
200903,2009,3,1431,112,61,161,49,16,10,10,1850
200904,2009,4,7870,580,224,1150,342,122,12,16,10316
200905,2009,5,12631,1061,338,1621,645,151,46,5,16498
200906,2009,6,15267,876,430,1505,1058,191,26,1,19354
200907,2009,7,20184,1117,638,2150,2216,412,33,2,26752
200908,2009,8,27306,1187,1169,2606,2627,592,45,14,35546
200909,2009,9,16435,651,542,1500,1275,184,23,13,20623
200910,2009,10,9357,531,237,942,537,106,15,6,11731
200911,2009,11,1960,79,62,139,75,21,10,7,2353
200912,2009,12,701,60,41,157,37,9,3,2,1010
201001,2010,1,866,65,35,111,99,10,1,1,1188
201002,2010,2,1256,44,42,228,43,26,1,0,1640
201003,2010,3,4014,391,148,850,278,180,15,7,5883
201004,2010,4,13646,1111,468,3155,723,435,21,28,19587
201005,2010,5,20920,1598,785,3621,1201,499,101,121,28846
201006,2010,6,23761,1661,1009,4250,2128,784,137,26,33756
201007,2010,7,29378,2132,1166,5314,3251,1036,75,114,42466
201008,2010,8,38930,3764,2041,7542,5907,1858,146,1346,61534
201009,2010,9,27576,1495,1003,3890,2243,562,46,33,36848
201010,2010,10,19588,1198,793,3074,1216,615,35,79,26598
201011,2010,11,5515,493,300,1139,378,178,53,19,8075
201012,2010,12,3829,300,253,1080,196,279,7,23,5967
201101,2011,1,486,17,18,60,53,7,0,3,644
201102,2011,2,628,36,24,88,27,12,3,2,820
201103,2011,3,1913,283,81,605,75,41,18,7,3023
201104,2011,4,9914,662,431,2374,511,209,42,11,14154
201105,2011,5,14338,1396,452,2445,846,254,49,25,19805
201106,2011,6,18211,1264,641,3448,1291,316,43,25,25239
201107,2011,7,22427,1093,1084,3014,2621,524,51,28,30842
201108,2011,8,29799,1438,1509,4424,3452,749,71,47,41489
201109,2011,9,19114,860,876,3085,1655,342,53,38,26023
201110,2011,10,12149,740,418,1948,752,186,46,4,16243
201111,2011,11,2712,208,111,343,153,42,13,9,3591
201112,2011,12,1004,65,69,228,83,39,7,3,1498
201201,2012,1,627,31,62,106,18,23,1,4,872
201202,2012,2,901,50,45,251,32,23,3,0,1305
201203,2012,3,2196,176,124,596,111,51,5,1,3260
201204,2012,4,9748,865,446,2705,603,327,28,27,14749
201205,2012,5,15527,1258,600,2999,933,351,61,47,21776
201206,2012,6,18262,1275,713,3319,1510,317,77,44,25517
201207,2012,7,22396,1373,1168,4241,2804,655,86,95,32818
201208,2012,8,27799,1390,1743,5071,3786,1095,92,120,41096
201209,2012,9,19884,848,1013,3354,1724,410,52,36,27321
201210,2012,10,13601,634,478,2265,846,223,27,17,18091
201211,2012,11,3019,210,169,506,200,44,14,8,4170
201212,2012,12,1024,50,43,211,70,58,9,18,1483
201301,2013,1,562,45,14,120,36,21,3,5,806
201302,2013,2,946,87,24,258,36,24,3,4,1382
201303,2013,3,4708,298,182,1487,198,316,11,28,7228
201304,2013,4,7832,535,390,2043,466,223,10,33,11532
201305,2013,5,18110,1307,654,3441,1172,427,69,25,25205
201306,2013,6,20968,1408,827,4070,1533,465,56,47,29374
201307,2013,7,25240,1424,1083,4815,2941,830,100,126,36559
201308,2013,8,31609,1658,1855,6403,3867,1190,48,96,46726
201309,2013,9,22136,1064,1095,4119,1795,570,67,48,30894
201310,2013,10,14891,728,542,2156,983,244,36,27,19607
201311,2013,11,3677,349,120,409,245,66,32,9,4907
201312,2013,12,1139,113,93,229,42,28,9,6,1659
201401,2014,1,609,25,58,136,43,32,2,1,906
201402,2014,2,679,92,27,114,35,22,0,1,970
201403,2014,3,2087,145,67,610,102,121,8,10,3150
201404,2014,4,11383,799,469,3552,589,509,17,29,17347
201405,2014,5,18834,1292,742,4575,1206,506,120,79,27354
201406,2014,6,23251,1361,1072,4566,1781,820,76,94,33021
201407,2014,7,26105,1495,1526,5496,3189,1508,74,188,39581
201408,2014,8,33983,1490,2140,7334,3939,2019,226,87,51218
201409,2014,9,23669,975,1358,5407,1918,962,72,96,34457
201410,2014,10,16677,579,646,2827,1872,487,66,51,23205
201411,2014,11,3528,146,133,556,272,116,43,9,4803
201412,2014,12,1205,89,82,321,62,92,12,7,1870
201501,2015,1,847,45,15,215,18,51,17,9,1217
201502,2015,2,1129,61,24,244,54,23,3,6,1544
201503,2015,3,3418,199,217,921,132,148,12,33,5080
201504,2015,4,11433,746,700,3450,665,670,27,30,17721
201505,2015,5,20534,1432,1086,5780,1298,779,75,92,31076
201506,2015,6,25018,1339,1466,4911,1877,1060,79,173,35923
201507,2015,7,27921,1893,2050,7446,3549,1812,70,53,44794
201508,2015,8,33763,1494,2966,9209,4458,2584,132,188,54794
201509,2015,9,24608,968,1837,6440,2159,1265,62,90,37429
201510,2015,10,18457,736,843,3635,1207,580,59,59,25576
201511,2015,11,3766,219,209,565,263,167,27,12,5228
201512,2015,12,1328,90,59,322,128,106,16,13,2062
201601,2016,1,862,43,66,217,45,60,3,8,1304
201602,2016,2,1195,40,38,286,40,117,12,5,1733
201603,2016,3,7008,530,419,2243,316,507,29,15,11067
201604,2016,4,9554,699,500,3315,533,470,19,10,15100
201605,2016,5,21302,1230,1228,6399,1480,978,72,87,32776
201606,2016,6,25615,1287,1604,6908,2268,1176,109,103,39070
201607,2016,7,27768,1595,2076,8082,3745,1984,148,73,45471
201608,2016,8,32226,1441,3035,9985,4416,2193,163,245,53704
201609,2016,9,25252,922,1771,8354,2397,1253,65,135,40149
201610,2016,10,19050,881,987,4941,1567,682,53,61,28222
201611,2016,11,4407,206,262,972,317,174,40,16,6394
201612,2016,12,1836,193,103,436,165,109,10,12,2864
201701,2017,1,841,23,54,293,52,63,15,13,1354
201702,2017,2,1095,76,70,336,50,47,12,10,1696
201703,2017,3,3004,173,155,1472,182,173,11,6,5176
201704,2017,4,16300,929,940,6679,900,1075,50,52,26925
201705,2017,5,21512,1351,1452,8034,1696,1115,121,66,35347
201706,2017,6,26205,1179,1929,8363,2323,1280,263,77,41619
201707,2017,7,27061,1699,2453,9891,3816,2232,167,151,47470
201708,2017,8,32638,1472,3089,13322,4343,2557,129,130,57680
201709,2017,9,25677,957,2022,9533,2378,1428,105,89,42189
201710,2017,10,20017,937,1151,6488,1570,1033,105,40,31341
201711,2017,11,4650,241,285,1476,429,201,38,26,7346
201712,2017,12,1737,101,84,676,97,117,76,5,2893
201801,2018,1,995,60,108,311,58,76,15,4,1627
201802,2018,2,1110,89,70,746,66,74,10,16,2181
201803,2018,3,6417,338,322,3070,350,442,47,70,11056
201804,2018,4,11944,762,801,6707,736,925,66,127,22068
201805,2018,5,23848,0,1715,10496,1728,0,2878,0,40665
201806,2018,6,27346,1363,1958,10312,2631,1737,163,175,45685
201807,2018,7,27416,1571,2555,11999,3963,2958,233,172,50867
201808,2018,8,33381,1568,3507,13948,4762,2998,119,132,60415
201809,2018,9,26197,981,2211,13048,2548,1783,94,144,47006
201810,2018,10,21345,753,1426,8857,1672,1282,107,160,35602
201811,2018,11,4718,320,240,1609,425,265,48,26,7651
201812,2018,12,1482,85,125,559,101,160,34,7,2553
201901,2019,1,905,56,54,449,73,89,16,9,1651
201902,2019,2,1235,59,90,559,54,101,14,7,2119
201903,2019,3,3724,330,225,2583,165,382,45,20,7474
201904,2019,4,17119,980,1244,9823,914,1435,143,64,31722
201905,2019,5,25706,1430,1911,13407,1992,1742,371,114,46673
201906,2019,6,28028,1455,2200,12273,2768,1929,182,223,49058
201907,2019,7,27802,1672,2569,13367,4326,2754,281,548,53319
201908,2019,8,33089,1201,3563,16672,4109,3660,179,341,62814
201909,2019,9,25010,761,2112,13214,2335,1991,119,111,45653
201910,2019,10,20796,884,1339,9798,1747,1242,242,70,36118
201911,2019,11,4969,264,323,1887,398,319,96,18,8274
201912,2019,12,1557,109,85,617,140,138,41,23,2710
202001,2020,1,1091,51,45,529,101,137,39,8,2001
202002,2020,2,1666,83,96,923,60,179,50,19,3076
202003,2020,3,1060,65,80,565,51,108,4,15,1948
202006,2020,6,5,0,1,1,1,4,0,0,12
202007,2020,7,5326,220,658,2129,600,708,91,20,9752
202008,2020,8,10446,310,1422,4455,1803,972,254,150,19812
202009,2020,9,5456,206,691,2598,743,547,177,23,10441
202010,2020,10,3416,140,391,1688,393,268,94,28,6418
202011,2020,11,408,30,14,61,51,8,13,0,585
202012,2020,12,32,20,1,39,1,1,5,0,99
202101,2021,1,28,4,3,17,3,5,0,0,60
202102,2021,2,9,0,2,3,0,0,0,0,14
202103,2021,3,121,5,10,24,0,29,5,0,194
202104,2021,4,519,66,62,235,28,78,21,15,1024
202105,2021,5,2258,165,273,1005,168,346,65,15,4295
202106,2021,6,8092,467,758,3683,721,730,317,56,14824
202107,2021,7,18869,648,2111,7320,2148,2155,393,319,33963
202108,2021,8,24262,713,2661,9566,2613,3052,607,101,43575
202109,2021,9,20796,591,2097,9049,1946,2089,772,123,37463
202110,2021,10,16721,898,1635,8190,1424,1620,554,128,31170
202111,2021,11,4735,304,422,2281,391,685,237,39,9094
202112,2021,12,691,41,48,278,40,66,28,1,1193
202201,2022,1,860,57,55,392,49,115,86,3,1617
202202,2022,2,880,78,179,658,62,117,59,1,2034
202203,2022,3,3921,161,286,2285,192,373,153,18,7389
202204,2022,4,18330,989,1270,10284,950,1763,531,166,34283
202205,2022,5,25907,1282,2487,13738,1736,2388,574,142,48254
202206,2022,6,31598,1536,2487,15756,2664,2502,1345,124,58012
202207,2022,7,34839,1613,3327,17899,4258,3905,1170,363,67374
202208,2022,8,40745,2137,5532,23730,4756,6590,2014,338,85842
202209,2022,9,33556,1069,3055,20249,2822,3572,1604,269,66196
202210,2022,10,28086,955,2041,14929,2322,2030,856,137,51356
